USE UniSafety
-- Uni_Community
	insert into Uni_Community(UC_ID,UC_Name,UC_AddressLine1,UC_AddressLine2,UC_City,UC_State,UC_Zipcode,UC_Phone,UC_Email,UC_Type)
	values(001375979,'Carlos Twigg','973','Tremont St','Boston','Massachusetts','02118','8571212112','carlos@gmail.com','Student');
	
	insert into Uni_Community(UC_ID,UC_Name,UC_AddressLine1,UC_AddressLine2,UC_City,UC_State,UC_Zipcode,UC_Phone,UC_Email,UC_Type)
	values(001275979,'Keli Emmick','365','Boylston St','Boston','Massachusetts','02116','8573112112','Keli@gmail.com','Student');

	insert into Uni_Community(UC_ID,UC_Name,UC_AddressLine1,UC_AddressLine2,UC_City,UC_State,UC_Zipcode,UC_Phone,UC_Email,UC_Type)
	values(001475979,'Joetta Hillyer','635','Washington St','Boston','Massachusetts','02119','8574112112','Joetta@gmail.com','Student');

	insert into Uni_Community(UC_ID,UC_Name,UC_AddressLine1,UC_AddressLine2,UC_City,UC_State,UC_Zipcode,UC_Phone,UC_Email,UC_Type)
	values(002475979,'Keven Bara','735','Germain St','Boston','Massachusetts','02115','8564012112','Keven@gmail.com','Staff');

	insert into Uni_Community(UC_ID,UC_Name,UC_AddressLine1,UC_AddressLine2,UC_City,UC_State,UC_Zipcode,UC_Phone,UC_Email,UC_Type)
	values(003475979,'Lonna Earles','703','Atlantic St','Boston','Massachusetts','02112','2564012112','Lonna@gmail.com','Staff');

	insert into Uni_Community(UC_ID,UC_Name,UC_AddressLine1,UC_AddressLine2,UC_City,UC_State,UC_Zipcode,UC_Phone,UC_Email,UC_Type)
	values(004475979,'Tanika Valvo','486','Mass Ave','Boston','Massachusetts','02110','9564082112','Tanika@gmail.com','Staff');

	insert into Uni_Community(UC_ID,UC_Name,UC_AddressLine1,UC_AddressLine2,UC_City,UC_State,UC_Zipcode,UC_Phone,UC_Email,UC_Type)
	values(001475579,'Maricela Mach','1289','Huntigton Ave','Boston','Massachusetts','02113','9294082112','Maricela@gmail.com','Faculty');

	insert into Uni_Community(UC_ID,UC_Name,UC_AddressLine1,UC_AddressLine2,UC_City,UC_State,UC_Zipcode,UC_Phone,UC_Email,UC_Type)
	values(001475435,'Dell Freer','1323','Columbus Ave','Boston','Massachusetts','02115','8294058212','Dell@gmail.com','Faculty');

	insert into Uni_Community(UC_ID,UC_Name,UC_AddressLine1,UC_AddressLine2,UC_City,UC_State,UC_Zipcode,UC_Phone,UC_Email,UC_Type)
	values(001232438,'Evette Platero','723','Columbus Ave','Boston','Massachusetts','02115','8294058212','Dell@gmail.com','Faculty');

	insert into Uni_Community(UC_ID,UC_Name,UC_AddressLine1,UC_AddressLine2,UC_City,UC_State,UC_Zipcode,UC_Phone,UC_Email,UC_Type)
	values(001832438,'Jason Platero','438','Centre St','Boston','Massachusetts','02112','6294058212','Jason@gmail.com','Faculty');

	insert into Uni_Community(UC_ID,UC_Name,UC_AddressLine1,UC_AddressLine2,UC_City,UC_State,UC_Zipcode,UC_Phone,UC_Email,UC_Type)
	values(001855438,'David villa','514','Shawmut Ave','Boston','Massachusetts','02118','5294058212','David@gmail.com','Student');
	
	insert into Uni_Community(UC_ID,UC_Name,UC_AddressLine1,UC_AddressLine2,UC_City,UC_State,UC_Zipcode,UC_Phone,UC_Email,UC_Type)
	values(001355178,'Nimesh Rana','219','Melnea Ave','Boston','Massachusetts','02117','6294059112','Nimesh@gmail.com','Student');
	
	insert into Uni_Community(UC_ID,UC_Name,UC_AddressLine1,UC_AddressLine2,UC_City,UC_State,UC_Zipcode,UC_Phone,UC_Email,UC_Type)
	values(002355418,'Prat Deed','319','Dudley St','Boston','Massachusetts','02116','7294059112','Prat@gmail.com','Student');
	
	insert into Uni_Community(UC_ID,UC_Name,UC_AddressLine1,UC_AddressLine2,UC_City,UC_State,UC_Zipcode,UC_Phone,UC_Email,UC_Type)
	values(003355178,'Papito bran','626','Yorkshire Ave','Dorchester','Massachusetts','02121','4294059112','Papito@gmail.com','Student');
	
	insert into Uni_Community(UC_ID,UC_Name,UC_AddressLine1,UC_AddressLine2,UC_City,UC_State,UC_Zipcode,UC_Phone,UC_Email,UC_Type)
	values(004355178,'Alex Parker','626','Yorkshire Ave','Dorchester','Massachusetts','02121','4294059112','Papito@gmail.com','Student');
	
	insert into Uni_Community(UC_ID,UC_Name,UC_AddressLine1,UC_AddressLine2,UC_City,UC_State,UC_Zipcode,UC_Phone,UC_Email,UC_Type)
	values(001355878,'Loui Fonsi','996','Brrokline Ave','Brookline','Massachusetts','02120','7296159112','Loui@gmail.com','Student');
	
	insert into Uni_Community(UC_ID,UC_Name,UC_AddressLine1,UC_AddressLine2,UC_City,UC_State,UC_Zipcode,UC_Phone,UC_Email,UC_Type)
	values(001366178,'Richard Baker','213','State St','Somerville','Massachusetts','02125','5194059112','Richard@gmail.com','Student');
	
	insert into Uni_Community(UC_ID,UC_Name,UC_AddressLine1,UC_AddressLine2,UC_City,UC_State,UC_Zipcode,UC_Phone,UC_Email,UC_Type)
	values(001846178,'Peter Pan','1002','Forysth St','Watertown','Massachusetts','02127','6494059112','Peter@gmail.com','Student');
	
	insert into Uni_Community(UC_ID,UC_Name,UC_AddressLine1,UC_AddressLine2,UC_City,UC_State,UC_Zipcode,UC_Phone,UC_Email,UC_Type)
	values(002566678,'Dallas Cummins','702','Newbury St','Cambridge','Massachusetts','02112','8572059112','Dallas@gmail.com','Student');
	
	insert into Uni_Community(UC_ID,UC_Name,UC_AddressLine1,UC_AddressLine2,UC_City,UC_State,UC_Zipcode,UC_Phone,UC_Email,UC_Type)
	values(001966178,'Parker Stan','749','Hammond St','Boston','Massachusetts','02118','8570059112','Parker@gmail.com','Student');
	
	insert into Uni_Community(UC_ID,UC_Name,UC_AddressLine1,UC_AddressLine2,UC_City,UC_State,UC_Zipcode,UC_Phone,UC_Email,UC_Type)
	values(002426178,'Amanda Gallos','1426','Lenox St','Boston','Massachusetts','02118','8570132612','Amanda@gmail.com','Student');


-- Anti_Theft_Registration
	

	insert into Anti_Theft_Registration(Registration_ID,UC_ID,Registration_Datetime,Registration_Property_Type,Registration_Property_SerialNo)
	values(1,1232438,'2020-03-01 21:24:35','Laptop','TsLLcDmb')

	insert into Anti_Theft_Registration(Registration_ID,UC_ID,Registration_Datetime,Registration_Property_Type,Registration_Property_SerialNo)
	values(2,1275979,'2020-03-04 11:24:45','Calculator','HpDhq46GGmckF')
	insert into Anti_Theft_Registration(Registration_ID,UC_ID,Registration_Datetime,Registration_Property_Type,Registration_Property_SerialNo)
	values(3,1355178,'2020-02-02 06:54:41','Hard Drive','Dhq46GGmck564')
	insert into Anti_Theft_Registration(Registration_ID,UC_ID,Registration_Datetime,Registration_Property_Type,Registration_Property_SerialNo)
	values(4,1355878,'2019-12-12 10:19:45','Hard Drive','lhq4jhjjgj679')
	insert into Anti_Theft_Registration(Registration_ID,UC_ID,Registration_Datetime,Registration_Property_Type,Registration_Property_SerialNo)
	values(5,1366178,'2020-01-08 11:33:25','Bike','g5nBmcK85bUonE')
	insert into Anti_Theft_Registration(Registration_ID,UC_ID,Registration_Datetime,Registration_Property_Type,Registration_Property_SerialNo)
	values(6,1375979,'2019-08-09 14:24:03','Skateboard','5bUonEMg5nBmc')
	insert into Anti_Theft_Registration(Registration_ID,UC_ID,Registration_Datetime,Registration_Property_Type,Registration_Property_SerialNo)
	values(8,1475579,'2020-06-01 09:27:35','Calculator','ZBqavMpr9WWno')
	insert into Anti_Theft_Registration(Registration_ID,UC_ID,Registration_Datetime,Registration_Property_Type,Registration_Property_SerialNo)
	values(9,1475979,'2020-02-01 13:31:04','Bike','gadN6r9QKBb5i')
	insert into Anti_Theft_Registration(Registration_ID,UC_ID,Registration_Datetime,Registration_Property_Type,Registration_Property_SerialNo)
	values(10,1832438,'2020-03-01 12:18:10','Laptop','VtU4ECkj')
	insert into Anti_Theft_Registration(Registration_ID,UC_ID,Registration_Datetime,Registration_Property_Type,Registration_Property_SerialNo)
	values(11,1846178,'2019-03-12 10:09:10','Laptop','VtU4JCkj')

	insert into Anti_Theft_Registration(Registration_ID,UC_ID,Registration_Datetime,Registration_Property_Type,Registration_Property_SerialNo)
	values(12,1855438,'2019-04-12 11:09:35','Bike','QKBb5iViU4JCkj')

	insert into Anti_Theft_Registration(Registration_ID,UC_ID,Registration_Datetime,Registration_Property_Type,Registration_Property_SerialNo)
	values(13,1966178,'2019-05-12 11:43:03','Calculator','BKBb5iViU4JCop')
	
	insert into Anti_Theft_Registration(Registration_ID,UC_ID,Registration_Datetime,Registration_Property_Type,Registration_Property_SerialNo)
	values(14,2355418,'2019-11-12 09:43:23','Hard Drive','DKFb5iWiU4JCas')

	insert into Anti_Theft_Registration(Registration_ID,UC_ID,Registration_Datetime,Registration_Property_Type,Registration_Property_SerialNo)
	values(15,2426178,'2020-05-03 15:23:55','Hard Drive','D2Fb5iViU4JCas')

	insert into Anti_Theft_Registration(Registration_ID,UC_ID,Registration_Datetime,Registration_Property_Type,Registration_Property_SerialNo)
	values(16,2475979,'2020-05-03 15:23:55','Hard Drive','D2Fb5iViU4JCas')

	insert into Anti_Theft_Registration(Registration_ID,UC_ID,Registration_Datetime,Registration_Property_Type,Registration_Property_SerialNo)
	values(17,2566678,'2020-01-03 15:23:55','Bike','I0975iViU4JCas')

	insert into Anti_Theft_Registration(Registration_ID,UC_ID,Registration_Datetime,Registration_Property_Type,Registration_Property_SerialNo)
	values(18,3355178,'2020-12-02 18:23:55','Laptop','D2Fb5iViU4JCas')

	insert into Anti_Theft_Registration(Registration_ID,UC_ID,Registration_Datetime,Registration_Property_Type,Registration_Property_SerialNo)
	values(19,3475979,'2020-12-03 15:23:55','Calculator','D2Fb5iViU4JCas')

	insert into Anti_Theft_Registration(Registration_ID,UC_ID,Registration_Datetime,Registration_Property_Type,Registration_Property_SerialNo)
	values(20,4475979,'2020-09-01 20:33:41','Laptop','K2vb5iHiU4sdpl')

	

	-- UNIT

INSERT INTO Unit(UnitID,UnitName)
Values (1,'Community Engagement Unit'), (2, 'Investigation and Special Operations'),
(3, 'Administration Unit'), (4, 'Emergency Management Unit'), (5, 'Professional Standard Unit'),
(6, 'Patrol Unit'), (7, 'International Safety Unit'), (8, 'Community Service Unit');
 

-- Unit_Duty
INSERT INTO Unit_Duty
    Values (1, 'Social media advisory',1),
    (2, 'Community engagement events on campus',1),
    (3, 'Property registration',1),
    (4, 'Youth police academy',1),
    (5, 'Classes, safety trainings',1),
    (6, 'Orientation talk',1),
    (7, 'Investigate potential crimes',2),
    (8, 'Fingerprinting services',2),
    (9, 'Assess site security',2),
    (10, 'Provide security for executive staff ',2),
    (11, 'Gather intelligenc',2),
    (12, 'Conduct background checks',2),
    (13, 'Testify in court',2),
    (14, 'Process crime scenes and evidence',2),
    (15, 'Lead official responsible for operations',3),
    (16, 'Budget Management',3),
    (17, 'Grant management',3),
    (18, 'Payroll and hiring management',3),
    (19, 'Plan, develop and maintain emergency response',4),
    (20, 'Raise community awareness',4),
    (21, 'Test and improve emergency notification system',4),
    (22, 'Maintain emergency operation center readiness',4),
    (23, 'Recruitment & Selection',5),
    (24, 'Accreditation & Compliance',5),
    (25, 'Training and professional development',5),
    (26, 'Uniforms and Equipment',5),
    (27, 'Licenses and Certifications',5),
    (28, 'Internal Affairs',5),
    (29, 'Promotional Process',5),
    (30, 'Fleet Management',5),
    (31, 'Records Management',5),
    (32, 'Proactive policing',6),
    (33, 'Maintain community relations',6),
    (34, 'Crime prevention',6),
    (35, 'Investigating accidents',6),
    (36, 'Traffic enforcement',6),
    (37, 'Predeparture training',7),
    (38, 'Global event monitoring',7),
    (39, 'Emergency response',7),
    (40, 'Mitigate risks faced by students, faculty and staff abroad',7),
    (41, 'Safety escorts',8),
    (42, 'Patrol',8),
    (43, 'Front Desk',8),
    (44, 'Dispatcher',8),
    (45, 'Telecommunication',8);

-- SERVICE

INSERT INTO [Service]( ServiceID,ServiceName,UnitID)
VALUES (1,'Self defense classes',1)
INSERT INTO [Service]( ServiceID,ServiceName,UnitID)
VALUES (2,'Cpr classes',1)
INSERT INTO [Service]( ServiceID,ServiceName,UnitID)
VALUES (3,'Situational awareness training',1)
INSERT INTO [Service]( ServiceID,ServiceName,UnitID)
VALUES (4,'Active threat training',1)
INSERT INTO [Service]( ServiceID,ServiceName,UnitID)
VALUES (5,'De-escalation training',1)
INSERT INTO [Service]( ServiceID,ServiceName,UnitID)
VALUES (6,'Suicide prevention classes',1)
INSERT INTO [Service]( ServiceID,ServiceName,UnitID)
VALUES (7,'Tabling event',1)
INSERT INTO [Service]( ServiceID,ServiceName,UnitID)
VALUES (8,'Redeye',8)
INSERT INTO [Service]( ServiceID,ServiceName,UnitID)
VALUES (9,'Safety Escort Service',8)
INSERT INTO [Service]( ServiceID,ServiceName,UnitID)
VALUES (10,'Fingerprinting',2)
INSERT INTO [Service]( ServiceID,ServiceName,UnitID)
VALUES (11,'Preparedness Training',1)

-- SHIFT
	
 
INSERT INTO [SHIFT] VALUES (1,'06:00','14:00'),(2,'13:00','21:00'),(3,'20:00','04:00'),(4,'03:00','11:00'),(5,'09:00','16:00');

-- Responsibility


INSERT INTO Responsibility( Responsibility_Type)
 VALUES ('Front desk')

 INSERT INTO Responsibility( Responsibility_Type)
 VALUES ('Emergency management')

 INSERT INTO Responsibility( Responsibility_Type)
 VALUES ('Investigation')
 INSERT INTO Responsibility( Responsibility_Type)
 VALUES ('Graphic designing')
 INSERT INTO Responsibility( Responsibility_Type)
 VALUES ('Database Management')
 INSERT INTO Responsibility( Responsibility_Type)
 VALUES ('Fire Arms Management')
 INSERT INTO Responsibility( Responsibility_Type)
 VALUES ('Administration')
 INSERT INTO Responsibility( Responsibility_Type)
 VALUES ('Sergeant')
 INSERT INTO Responsibility( Responsibility_Type)
 VALUES ('Supervision')
 INSERT INTO Responsibility( Responsibility_Type)
 VALUES ('Janitor')
 INSERT INTO Responsibility( Responsibility_Type)
 VALUES ('Redeye driving')
 INSERT INTO Responsibility( Responsibility_Type)
 VALUES ('Dispatch/ Telecommunication')
 INSERT INTO Responsibility( Responsibility_Type)
 VALUES ('Clerk')
 INSERT INTO Responsibility( Responsibility_Type)
 VALUES ('Budget analysis')
 INSERT INTO Responsibility( Responsibility_Type)
 VALUES ('Finance analysis')
 INSERT INTO Responsibility( Responsibility_Type)
 VALUES ('Payroll management')

 
-- Employee Inserts
INSERT INTO EMPLOYEE
(Unit_ID,Emp_Name,Emp_BloodGroup,Emp_AddressLine,Emp_City,Emp_State,
Emp_Zipcode,Emp_phone,Emp_SSN,Emp_DateHired,Emp_Type,Shift_Number,Responsibility_ID) 
values (3,'Jones Salvatore','O+ve','3434 Cedar Lane','Boston','Massachusetts','02110','657-456-8901',EncryptByKey(Key_GUID('Employee_SYMMETRIC_SSN'),  convert(varbinary,'015-84-9965')),'2001-06-22','OFFICER',5,2);


INSERT INTO EMPLOYEE
(Unit_ID,Emp_Name,Emp_BloodGroup,Emp_AddressLine,Emp_City,Emp_State,
Emp_Zipcode,Emp_phone,Emp_SSN,Emp_DateHired,Emp_Type,Shift_Number,Emp_SupervisorID,Responsibility_ID) 
values 
(8,'Akiraheen','AB+ve','3346 Lynn Street','Cambridge','Massachusetts','02138','345-789-1236',EncryptByKey(Key_GUID('Employee_SYMMETRIC_SSN'),  convert(varbinary,'029-72-0636')),'2001-10-29','CIVILIAN',5,7,13),
(1,'Nimesh Rana','AB-ve','219 Melnea Ave','Boston','Massachusetts','02117','629-405-9112',EncryptByKey(Key_GUID('Employee_SYMMETRIC_SSN'),convert(varbinary,'026-34-6713')),'2001-11-10','STUDENT',5,7,12),
(4,'Raquel','O-ve','1423 Burney street','Boston','Massachusetts','02108','768-098-3489', EncryptByKey(Key_GUID('Employee_SYMMETRIC_SSN'), convert(varbinary, '032-30-5468')),'2002-06-29','OFFICER',3,1,7),
(1,'Senorita','A+ve','1567 Tremont street','Boston','Massachusetts','02112','811-890-7843',EncryptByKey(Key_GUID('Employee_SYMMETRIC_SSN'), convert(varbinary, '017-40-9894')),'2002-12-07','CIVILIAN',5,23,15),
(3,'Isaac','B+ve','1897 Parker hill street','Boston','Massachusetts','02211','671-271-9045', EncryptByKey(Key_GUID('Employee_SYMMETRIC_SSN'),convert(varbinary, '026-78-6778')),'2003-10-04','OFFICER',3,4,8),
(8,	'Prat Deed','B-ve','319 Dudley St','Boston','Massachusetts','02276','639- 460-2383', EncryptByKey(Key_GUID('Employee_SYMMETRIC_SSN'),convert(varbinary, '028-12-6102')),'2004-01-19','STUDENT',5,8,13),
(5,'Penny','A-ve','6543 Charles street','Boston','Massachusetts','02198','876-908-5674', EncryptByKey(Key_GUID('Employee_SYMMETRIC_SSN'),convert(varbinary, '011-07-0017')),'2004-06-02','OFFICER',4,4,7),
(1,'Sheldon','O+ve','8765 Salem street','Boston','Massachusetts','02119','768-098-4567', EncryptByKey(Key_GUID('Employee_SYMMETRIC_SSN'),convert(varbinary, '033-66-41977')),'2007-03-07','CIVILIAN',5,6,5),
(8,'Howard','O-ve','2346 Boylston street','Boston','Massachusetts','02128','234-789-6543', EncryptByKey(Key_GUID('Employee_SYMMETRIC_SSN'),convert(varbinary, '033-86-8823')),'2007-06-22','CIVILIAN',5,23,5),
(6,'Lenoard','AB+ve','198 Common wealth Avenue','Boston','Massachusetts','02120','457-234-5437',EncryptByKey(Key_GUID('Employee_SYMMETRIC_SSN'), convert(varbinary, '021-34-6049')),'2008-09-18','OFFICER',1,8,9),
(1,'Amy','B-ve','332 Memorial drive','Boston','Massachusetts','02345','879-675-6789', EncryptByKey(Key_GUID('Employee_SYMMETRIC_SSN'),convert(varbinary, '013-84-2998')),'2009-12-23','CIVILIAN',5,8,14),
(6,'Missy Saltzman','O+ve','231 Beach street','Boston','Massachusetts','02298','678-453-8907', EncryptByKey(Key_GUID('Employee_SYMMETRIC_SSN'),convert(varbinary, '012-26-7633')),'2010-06-30','OFFICER',2,6,6),
(1,'Papito Bran','AB-ve','626 YorkshireAve','Dorchester','Massachusetts','02121','4294059112', EncryptByKey(Key_GUID('Employee_SYMMETRIC_SSN'),convert(varbinary, '021-92-9381')),'2010-11-09','STUDENT',5,8,1),
(2,'Mary Cooper','A+ve','435 Market Street','Boston','Massachusetts','02115','678-765-8903', EncryptByKey(Key_GUID('Employee_SYMMETRIC_SSN'),convert(varbinary, '030-82-8678')),'2011-05-02','OFFICER',3,6,3),
(3,'Emma Watson','O+ve','162 Harvard Square','Boston','Massachusetts','02111','876-980-2341',EncryptByKey(Key_GUID('Employee_SYMMETRIC_SSN'), convert(varbinary, '027-78-3063')),'2011-12-28','OFFICER',4,6,6),
(2,'Nitya Kollipara','A-ve','23 Irving St','Boston','Massachusetts','02114','856-345-8907',EncryptByKey(Key_GUID('Employee_SYMMETRIC_SSN'), convert(varbinary, '019-68-1238')),'2013-06-17','OFFICER',1,6,3),
(7,'Klaus Mikaelson','B+ve','98 Fairmount St','Boston','Massachusetts','02124','238-124-5643',EncryptByKey(Key_GUID('Employee_SYMMETRIC_SSN'),convert(varbinary, '015-52-9070')),'2015-02-05','OFFICER',4,15,11),
(8,'Elena Gilbert','A-ve','786 Blue Hill Ave','Boston','Massachusetts','02138','324-789-0982', EncryptByKey(Key_GUID('Employee_SYMMETRIC_SSN'),convert(varbinary, '018-84-1220')),'2016-01-22','CIVILIAN',5,23,10),
(6,'Tyler Lockwood','O+ve','9 Regina Rd','Boston','Massachusetts','02130','908-872-1256', EncryptByKey(Key_GUID('Employee_SYMMETRIC_SSN'),convert(varbinary, '033-01-2383')),'2017-08-07','OFFICER',3,8,11),
(1,'Mark Woolley','AB-ve','400 Massachusetts Ave','Boston','Massachusetts','02108','768-980-5643', EncryptByKey(Key_GUID('Employee_SYMMETRIC_SSN'),convert(varbinary, '026-12-7712')),'2017-12-16','CIVILIAN',5,23,1),
(5,'Andrew Jennings','AB+ve','24 Clarendon St','Boston','Massachusetts','02112','342-890-7890',EncryptByKey(Key_GUID('Employee_SYMMETRIC_SSN'), convert(varbinary, '015-92-7091')),'2017-12-27','OFFICER',1,15,6),
(7,'Patricia Hawkins','A-ve','177 Train St','Boston','Massachusetts','02211','657-231-8795',EncryptByKey(Key_GUID('Employee_SYMMETRIC_SSN'), convert(varbinary, '017-16-8992')),'2018-03-27','OFFICER',4,4,7),
(1,'Linda Heard','O+ve','89 Park Dr','Boston','Massachusetts','02276','456-890-3421',EncryptByKey(Key_GUID('Employee_SYMMETRIC_SSN'), convert(varbinary, '010-44-2553')),'2018-04-21','OFFICER',3,17,9),
(8,'Loui Fonsi','B+ve','996 Brrokline Ave','Brookline','Massachusetts','02120','7296159112',EncryptByKey(Key_GUID('Employee_SYMMETRIC_SSN'), convert(varbinary, '018-22-6591')),'2018-06-13','STUDENT',5,8,4),
(3,'Diane Mannion','O-ve','309 W 3rd St','Boston','Massachusetts','02119','327-789-7890', EncryptByKey(Key_GUID('Employee_SYMMETRIC_SSN'),convert(varbinary, '033-01-9719')),'2015-04-07','CIVILIAN',5,23,16),
(2,'Charlene McGinn','AB-ve','528 Maschsts Ave','Boston','Massachusetts','02128','732-098-6754',EncryptByKey(Key_GUID('Employee_SYMMETRIC_SSN'), convert(varbinary, '025-12-0350')),'2015-11-09','OFFICER',2,8,3),
(2,'Sarah Rodgers','O+ve','115 Tonawanda St','Boston','Massachusetts','02120','654-789-3456',EncryptByKey(Key_GUID('Employee_SYMMETRIC_SSN'), convert(varbinary, '025-01-5371')) ,'2016-01-14','OFFICER',2,23,3),
(5,'Carla Palma','A+ve','60 Charlesgate','Boston','Massachusetts','02199','231-908-6754', EncryptByKey(Key_GUID('Employee_SYMMETRIC_SSN'),convert(varbinary, '020-44-0773')),'2017-12-29','OFFICER',1,11,6),
(6,'Cg Mullen','A-ve','87 Chester field','Boston','Massachusetts','02890','348-012-3428', EncryptByKey(Key_GUID('Employee_SYMMETRIC_SSN'),convert(varbinary, '017-70-1866')),'2018-06-01','OFFICER',4,27,9)



-- Executing Stored procedure to add UC_ID into Student table
EXEC Insstducid 3
EXEC Insstducid 7
EXEC Insstducid 14
EXEC Insstducid 25


-- Executing Stored Procedures to add JobType and Salary to Civilian Table
EXEC CivSalaryJobtype 2,'FT',5500
EXEC CivSalaryJobtype 5,'PT',3500 
EXEC CivSalaryJobtype 9,'FT',4500
EXEC CivSalaryJobtype 10,'FT',4500
EXEC CivSalaryJobtype 12,'PT', 3000
EXEC CivSalaryJobtype 19,'PT',3500
EXEC CivSalaryJobtype 21,'FT',5000
EXEC CivSalaryJobtype 26,'FT',4500

-- Executing Stored Procedure to add Ranks to Officer Table
EXEC OfficRank 1,'Chief'
EXEC OfficRank 4,'Deputy Chief'
EXEC OfficRank 6,'Staff Sergeant'
EXEC OfficRank 8,'Sergeant'
EXEC OfficRank 11,'Lieutanant'
EXEC OfficRank 13,'Officer'
EXEC OfficRank 15,'Detective'
EXEC OfficRank 16,'Officer'
EXEC OfficRank 17,'Detective'
EXEC OfficRank 18,'Officer'
EXEC OfficRank 20,'Officer'
EXEC OfficRank 22,'Officer'
EXEC OfficRank 23,'Sergeant'
EXEC OfficRank 24,'Officer'
EXEC OfficRank 27,'Detective'
EXEC OfficRank 28,'Detective'
EXEC OfficRank 29,'Officer'
EXEC OfficRank 30,'Officer'

-- Notifications

INSERT INTO [Notification](Notification_Type,Notification_Time,Notification_Details,App_Officer)
VALUES('Advisory','20190824 13:20:20','Excessive heat through this weekend',18),
('Alert','20190820 14:45:00','Egan Research Building Hazardous Materials Incident',16),
('Alert','20190706 20:00:12','Police Activity near Krentzmann Quad',17),
('Advisory','20190911 09:45:22','Increased Criminal Activity in Boston Area',24),
('Warning','20191010 11:20:00','Robbery on the Boston Campus',27),
('Alert','20191113 12:22:33','Tornado Warning/ Charlotte Campus',28),
('Alert','20191118 13:40:21','Police Activity near Ruggles Station',23),
('Advisory','20191205 14:30:00','Off-Campus Armed Robbery Incident',22),
('Warning','20200104 15:35:22','Shooting in Ruggles MBTA Station',8),
('Warning','20200206 12:00:00','Attempted Assault in Academic Building',11)


-- Service_Enrollment
INSERT INTO Service_Enrollment VALUES
(1,1275979,'2019-12-05',1,'International Village'),
(2,1475979,'2019-06-22',4,'West Village A 101'),
(2,2355418,'2019-06-22',4,'West Village A 101'),
(3,3355178,'2019-07-15',6,'343 Curry Student Center'),
(4,2566678,'2019-09-18',8,'305 Shillman Hall'),
(5,2426178,'2019-10-21',11,'West Village A 101'),
(8,1355878,'2019-09-29',15,'Snell Library'),
(8,1366178,'2019-12-12',16,'Snell Library'),
(8,1846178,'2019-12-12',15,'Snell Library'),
(8,1966178,'2019-09-29',16,'Snell Library'),
(9,1375979,'2019-01-19',28,'Forsyth Street'),
(9,4475979,'2020-02-20',28,'Columbus Avenue'),
(9,1475979,'2019-07-01',27,'Ruggles Street'),
(2,1475435,'2019-08-28',4,'West Village G 205'),
(2,1232438,'2019-08-28',4,'West Village G 205'),
(3,1832438,'2019-07-15',6,'343 Curry Student Center'),
(4,1855438,'2019-09-18',8,'305 Shillman Hall'),
(5,1355178,'2019-10-21',11,'West Village A 101')

/*
SELECT * FROM INCIDENT*/
SET IDENTITY_INSERT Incident ON

INSERT INTO Incident (Incident_ID,Incident_Reportee,Incident_Type,Incident_Location,Incident_Timestamp,Incident_Status,Officer_Incharge,Incident_RequiresReport)
values(1,'Shan Long','Vehicle damage','Parking','2019-09-09 14:30:23','Open',30,'Y' )
INSERT INTO Incident (Incident_ID,Incident_Reportee,Incident_Type,Incident_Location,Incident_Timestamp,Incident_Status,Officer_Incharge,Incident_RequiresReport)
values(2,'Jin Wang','Graffiti on wall','Near UHCS','2020-01-23 23:07: 13','Resolved',1,'Y' )
INSERT INTO Incident (Incident_ID,Incident_Reportee,Incident_Type,Incident_Location,Incident_Timestamp,Incident_Status,Officer_Incharge,Incident_RequiresReport)
values(3,'Ronald Regan','Lab item stolen','Physics Lab','2019-05-05 17:00: 29','Open',4,'Y' )
INSERT INTO Incident (Incident_ID,Incident_Reportee,Incident_Type,Incident_Location,Incident_Timestamp,Incident_Status,Officer_Incharge,Incident_RequiresReport)
values(4,'Glen Philips','Tresspass','Hurtig Hall','2018-12-08 21:25: 45','Resolved',6,'N' )
INSERT INTO Incident (Incident_ID,Incident_Reportee,Incident_Type,Incident_Location,Incident_Timestamp,Incident_Status,Officer_Incharge,Incident_RequiresReport)
values(5,'Anonymous','Posession of drugs','West Village','2019-11-26 11:08: 35','Open',8,'Y' )
INSERT INTO Incident (Incident_ID,Incident_Reportee,Incident_Type,Incident_Location,Incident_Timestamp,Incident_Status,Officer_Incharge,Incident_RequiresReport)
values(6,'Anonymous','credit card fraud','Starbucks','2020-03-09 15:05: 31','Open',11,'Y' )
INSERT INTO Incident (Incident_ID,Incident_Reportee,Incident_Type,Incident_Location,Incident_Timestamp,Incident_Status,Officer_Incharge,Incident_RequiresReport)
values(7,'Anonymous','Suspect Person','Opposite Ell Hall','2019-05-04 12:00: 00','Resolved',13,'N' )
INSERT INTO Incident (Incident_ID,Incident_Reportee,Incident_Type,Incident_Location,Incident_Timestamp,Incident_Status,Officer_Incharge,Incident_RequiresReport)
values(8,'Bob Watson','Stolen Laptop','Library','2019-12-12 14:08:21','Resolved',15,'N' )
INSERT INTO Incident (Incident_ID,Incident_Reportee,Incident_Type,Incident_Location,Incident_Timestamp,Incident_Status,Officer_Incharge,Incident_RequiresReport)
values(9,'Emma Clark','Stalking','Forsyth Street','2020-01-03 13:45: 17','Open',16,'Y' )
INSERT INTO Incident (Incident_ID,Incident_Reportee,Incident_Type,Incident_Location,Incident_Timestamp,Incident_Status,Officer_Incharge,Incident_RequiresReport)
values(10,'Harry Weasley','Physical Altercation','Centennial Common','2019-04-08 16:20: 15','Resolved',17,'N' )
INSERT INTO Incident (Incident_ID,Incident_Reportee,Incident_Type,Incident_Location,Incident_Timestamp,Incident_Status,Officer_Incharge,Incident_RequiresReport)
values(11,'Anonymous','Bullying','East Village','2019-12-06 15:22:45','Open',18,'Y' )
INSERT INTO Incident (Incident_ID,Incident_Reportee,Incident_Type,Incident_Location,Incident_Timestamp,Incident_Status,Officer_Incharge,Incident_RequiresReport)
values(12,'Anonymous','Public Chaos','Snell Library','2018-11-08 12:30:00','Resolved',20,'N' )
INSERT INTO Incident (Incident_ID,Incident_Reportee,Incident_Type,Incident_Location,Incident_Timestamp,Incident_Status,Officer_Incharge,Incident_RequiresReport)
values(13,'Zack','Theft','Inside Red Eye','2019-11-25 21:00:00','Open',22,'Y' )
INSERT INTO Incident (Incident_ID,Incident_Reportee,Incident_Type,Incident_Location,Incident_Timestamp,Incident_Status,Officer_Incharge,Incident_RequiresReport)
values(14,'Dixan','Shooting','Ruggles station','2020-02-02 04:30:00','Open',23,'Y' )
INSERT INTO Incident (Incident_ID,Incident_Reportee,Incident_Type,Incident_Location,Incident_Timestamp,Incident_Status,Officer_Incharge,Incident_RequiresReport)
values(15,'George Forbes','Under age drinking','West Village-A','2019-08-06 22:45:30','Resolved',24,'N' )
INSERT INTO Incident (Incident_ID,Incident_Reportee,Incident_Type,Incident_Location,Incident_Timestamp,Incident_Status,Officer_Incharge,Incident_RequiresReport)
values(16,'Javed Malik','Street Fight','WOLLASTON','2019-12-21 13:13:56','Resolved',27,'N' )
INSERT INTO Incident (Incident_ID,Incident_Reportee,Incident_Type,Incident_Location,Incident_Timestamp,Incident_Status,Officer_Incharge,Incident_RequiresReport)
values(17,'Javed Malik','Street Fight','WOLLASTON','2019-12-21 13:13:56','Resolved',28,'N' )

SET IDENTITY_INSERT Incident OFF
